date,category,product,units
2023-01-02,Electronics,EL-Headphones,526
2023-01-09,Electronics,EL-Headphones,549
2023-01-16,Electronics,EL-Headphones,467
2023-01-23,Electronics,EL-Headphones,463
2023-01-30,Electronics,EL-Headphones,510
2023-02-06,Electronics,EL-Headphones,560
2023-02-13,Electronics,EL-Headphones,505
2023-02-20,Electronics,EL-Headphones,440
2023-02-27,Electronics,EL-Headphones,450
2023-03-06,Electronics,EL-Headphones,471
2023-03-13,Electronics,EL-Headphones,501
2023-03-20,Electronics,EL-Headphones,458
2023-03-27,Electronics,EL-Headphones,438
2023-04-03,Electronics,EL-Headphones,434
2023-04-10,Electronics,EL-Headphones,439
2023-04-17,Electronics,EL-Headphones,400
2023-04-24,Electronics,EL-Headphones,417
2023-05-01,Electronics,EL-Headphones,417
2023-05-08,Electronics,EL-Headphones,452
2023-05-15,Electronics,EL-Headphones,392
2023-05-22,Electronics,EL-Headphones,416
2023-05-29,Electronics,EL-Headphones,350
2023-06-05,Electronics,EL-Headphones,401
2023-06-12,Electronics,EL-Headphones,376
2023-06-19,Electronics,EL-Headphones,353
2023-06-26,Electronics,EL-Headphones,365
2023-07-03,Electronics,EL-Headphones,391
2023-07-10,Electronics,EL-Headphones,356
2023-07-17,Electronics,EL-Headphones,396
2023-07-24,Electronics,EL-Headphones,413
2023-07-31,Electronics,EL-Headphones,420
2023-08-07,Electronics,EL-Headphones,425
2023-08-14,Electronics,EL-Headphones,345
2023-08-21,Electronics,EL-Headphones,401
2023-08-28,Electronics,EL-Headphones,377
2023-09-04,Electronics,EL-Headphones,436
2023-09-11,Electronics,EL-Headphones,418
2023-09-18,Electronics,EL-Headphones,433
2023-09-25,Electronics,EL-Headphones,452
2023-10-02,Electronics,EL-Headphones,426
2023-10-09,Electronics,EL-Headphones,461
2023-10-16,Electronics,EL-Headphones,442
2023-10-23,Electronics,EL-Headphones,557
2023-10-30,Electronics,EL-Headphones,472
2023-11-06,Electronics,EL-Headphones,500
2023-11-13,Electronics,EL-Headphones,439
2023-11-20,Electronics,EL-Headphones,458
2023-11-27,Electronics,EL-Headphones,492
2023-12-04,Electronics,EL-Headphones,567
2023-12-11,Electronics,EL-Headphones,572
2023-12-18,Electronics,EL-Headphones,557
2023-12-25,Electronics,EL-Headphones,521
2024-01-01,Electronics,EL-Headphones,632
2024-01-08,Electronics,EL-Headphones,509
2024-01-15,Electronics,EL-Headphones,517
2024-01-22,Electronics,EL-Headphones,574
2024-01-29,Electronics,EL-Headphones,508
2024-02-05,Electronics,EL-Headphones,559
2024-02-12,Electronics,EL-Headphones,585
2024-02-19,Electronics,EL-Headphones,535
2024-02-26,Electronics,EL-Headphones,549
2024-03-04,Electronics,EL-Headphones,527
2024-03-11,Electronics,EL-Headphones,490
2024-03-18,Electronics,EL-Headphones,382
2024-03-25,Electronics,EL-Headphones,452
2024-04-01,Electronics,EL-Headphones,490
2024-04-08,Electronics,EL-Headphones,419
2024-04-15,Electronics,EL-Headphones,450
2024-04-22,Electronics,EL-Headphones,469
2024-04-29,Electronics,EL-Headphones,500
2024-05-06,Electronics,EL-Headphones,396
2024-05-13,Electronics,EL-Headphones,418
2024-05-20,Electronics,EL-Headphones,436
2024-05-27,Electronics,EL-Headphones,439
2024-06-03,Electronics,EL-Headphones,371
2024-06-10,Electronics,EL-Headphones,471
2024-06-17,Electronics,EL-Headphones,381
2024-06-24,Electronics,EL-Headphones,440
2024-07-01,Electronics,EL-Headphones,397
2024-07-08,Electronics,EL-Headphones,417
2024-07-15,Electronics,EL-Headphones,458
2024-07-22,Electronics,EL-Headphones,431
2024-07-29,Electronics,EL-Headphones,416
2024-08-05,Electronics,EL-Headphones,384
2024-08-12,Electronics,EL-Headphones,402
2024-08-19,Electronics,EL-Headphones,382
2024-08-26,Electronics,EL-Headphones,509
2024-09-02,Electronics,EL-Headphones,394
2024-09-09,Electronics,EL-Headphones,366
2024-09-16,Electronics,EL-Headphones,530
2024-09-23,Electronics,EL-Headphones,529
2024-09-30,Electronics,EL-Headphones,478
2024-10-07,Electronics,EL-Headphones,538
2024-10-14,Electronics,EL-Headphones,483
2024-10-21,Electronics,EL-Headphones,504
2024-10-28,Electronics,EL-Headphones,561
2024-11-04,Electronics,EL-Headphones,567
2024-11-11,Electronics,EL-Headphones,540
2024-11-18,Electronics,EL-Headphones,643
2024-11-25,Electronics,EL-Headphones,613
2024-12-02,Electronics,EL-Headphones,594
2024-12-09,Electronics,EL-Headphones,538
2024-12-16,Electronics,EL-Headphones,606
2024-12-23,Electronics,EL-Headphones,589
2024-12-30,Electronics,EL-Headphones,603
2025-01-06,Electronics,EL-Headphones,647
2025-01-13,Electronics,EL-Headphones,581
2025-01-20,Electronics,EL-Headphones,621
2025-01-27,Electronics,EL-Headphones,644
2025-02-03,Electronics,EL-Headphones,619
2025-02-10,Electronics,EL-Headphones,706
2025-02-17,Electronics,EL-Headphones,510
2025-02-24,Electronics,EL-Headphones,582
2025-03-03,Electronics,EL-Headphones,523
2025-03-10,Electronics,EL-Headphones,565
2025-03-17,Electronics,EL-Headphones,669
2025-03-24,Electronics,EL-Headphones,477
2025-03-31,Electronics,EL-Headphones,526
2025-04-07,Electronics,EL-Headphones,555
2025-04-14,Electronics,EL-Headphones,521
2025-04-21,Electronics,EL-Headphones,543
2025-04-28,Electronics,EL-Headphones,435
2025-05-05,Electronics,EL-Headphones,524
2025-05-12,Electronics,EL-Headphones,441
2025-05-19,Electronics,EL-Headphones,424
2025-05-26,Electronics,EL-Headphones,483
2025-06-02,Electronics,EL-Headphones,473
2025-06-09,Electronics,EL-Headphones,424
2025-06-16,Electronics,EL-Headphones,417
2025-06-23,Electronics,EL-Headphones,436
2025-06-30,Electronics,EL-Headphones,442
2025-07-07,Electronics,EL-Headphones,436
2025-07-14,Electronics,EL-Headphones,408
2025-07-21,Electronics,EL-Headphones,364
2025-07-28,Electronics,EL-Headphones,497
2025-08-04,Electronics,EL-Headphones,462
2025-08-11,Electronics,EL-Headphones,417
2025-08-18,Electronics,EL-Headphones,412
2025-08-25,Electronics,EL-Headphones,454
2025-09-01,Electronics,EL-Headphones,474
2025-09-08,Electronics,EL-Headphones,417
2025-09-15,Electronics,EL-Headphones,570
2025-09-22,Electronics,EL-Headphones,543
2025-09-29,Electronics,EL-Headphones,524
2025-10-06,Electronics,EL-Headphones,566
2025-10-13,Electronics,EL-Headphones,574
2025-10-20,Electronics,EL-Headphones,625
2025-10-27,Electronics,EL-Headphones,596
2025-11-03,Electronics,EL-Headphones,661
2025-11-10,Electronics,EL-Headphones,687
2025-11-17,Electronics,EL-Headphones,607
2025-11-24,Electronics,EL-Headphones,609
2025-12-01,Electronics,EL-Headphones,595
2025-12-08,Electronics,EL-Headphones,636
2025-12-15,Electronics,EL-Headphones,616
2025-12-22,Electronics,EL-Headphones,659
2023-01-02,Electronics,EL-Laptops,327
2023-01-09,Electronics,EL-Laptops,336
2023-01-16,Electronics,EL-Laptops,284
2023-01-23,Electronics,EL-Laptops,356
2023-01-30,Electronics,EL-Laptops,311
2023-02-06,Electronics,EL-Laptops,316
2023-02-13,Electronics,EL-Laptops,301
2023-02-20,Electronics,EL-Laptops,252
2023-02-27,Electronics,EL-Laptops,319
2023-03-06,Electronics,EL-Laptops,253
2023-03-13,Electronics,EL-Laptops,336
2023-03-20,Electronics,EL-Laptops,299
2023-03-27,Electronics,EL-Laptops,337
2023-04-03,Electronics,EL-Laptops,304
2023-04-10,Electronics,EL-Laptops,300
2023-04-17,Electronics,EL-Laptops,312
2023-04-24,Electronics,EL-Laptops,267
2023-05-01,Electronics,EL-Laptops,302
2023-05-08,Electronics,EL-Laptops,253
2023-05-15,Electronics,EL-Laptops,258
2023-05-22,Electronics,EL-Laptops,230
2023-05-29,Electronics,EL-Laptops,255
2023-06-05,Electronics,EL-Laptops,254
2023-06-12,Electronics,EL-Laptops,224
2023-06-19,Electronics,EL-Laptops,204
2023-06-26,Electronics,EL-Laptops,231
2023-07-03,Electronics,EL-Laptops,242
2023-07-10,Electronics,EL-Laptops,229
2023-07-17,Electronics,EL-Laptops,211
2023-07-24,Electronics,EL-Laptops,220
2023-07-31,Electronics,EL-Laptops,234
2023-08-07,Electronics,EL-Laptops,181
2023-08-14,Electronics,EL-Laptops,235
2023-08-21,Electronics,EL-Laptops,293
2023-08-28,Electronics,EL-Laptops,229
2023-09-04,Electronics,EL-Laptops,265
2023-09-11,Electronics,EL-Laptops,326
2023-09-18,Electronics,EL-Laptops,308
2023-09-25,Electronics,EL-Laptops,324
2023-10-02,Electronics,EL-Laptops,302
2023-10-09,Electronics,EL-Laptops,275
2023-10-16,Electronics,EL-Laptops,419
2023-10-23,Electronics,EL-Laptops,346
2023-10-30,Electronics,EL-Laptops,354
2023-11-06,Electronics,EL-Laptops,413
2023-11-13,Electronics,EL-Laptops,393
2023-11-20,Electronics,EL-Laptops,374
2023-11-27,Electronics,EL-Laptops,338
2023-12-04,Electronics,EL-Laptops,381
2023-12-11,Electronics,EL-Laptops,387
2023-12-18,Electronics,EL-Laptops,371
2023-12-25,Electronics,EL-Laptops,368
2024-01-01,Electronics,EL-Laptops,365
2024-01-08,Electronics,EL-Laptops,403
2024-01-15,Electronics,EL-Laptops,385
2024-01-22,Electronics,EL-Laptops,426
2024-01-29,Electronics,EL-Laptops,450
2024-02-05,Electronics,EL-Laptops,419
2024-02-12,Electronics,EL-Laptops,404
2024-02-19,Electronics,EL-Laptops,461
2024-02-26,Electronics,EL-Laptops,420
2024-03-04,Electronics,EL-Laptops,332
2024-03-11,Electronics,EL-Laptops,355
2024-03-18,Electronics,EL-Laptops,383
2024-03-25,Electronics,EL-Laptops,336
2024-04-01,Electronics,EL-Laptops,388
2024-04-08,Electronics,EL-Laptops,291
2024-04-15,Electronics,EL-Laptops,279
2024-04-22,Electronics,EL-Laptops,370
2024-04-29,Electronics,EL-Laptops,348
2024-05-06,Electronics,EL-Laptops,270
2024-05-13,Electronics,EL-Laptops,317
2024-05-20,Electronics,EL-Laptops,350
2024-05-27,Electronics,EL-Laptops,269
2024-06-03,Electronics,EL-Laptops,263
2024-06-10,Electronics,EL-Laptops,258
2024-06-17,Electronics,EL-Laptops,263
2024-06-24,Electronics,EL-Laptops,239
2024-07-01,Electronics,EL-Laptops,275
2024-07-08,Electronics,EL-Laptops,247
2024-07-15,Electronics,EL-Laptops,293
2024-07-22,Electronics,EL-Laptops,359
2024-07-29,Electronics,EL-Laptops,267
2024-08-05,Electronics,EL-Laptops,330
2024-08-12,Electronics,EL-Laptops,345
2024-08-19,Electronics,EL-Laptops,244
2024-08-26,Electronics,EL-Laptops,329
2024-09-02,Electronics,EL-Laptops,334
2024-09-09,Electronics,EL-Laptops,333
2024-09-16,Electronics,EL-Laptops,383
2024-09-23,Electronics,EL-Laptops,350
2024-09-30,Electronics,EL-Laptops,390
2024-10-07,Electronics,EL-Laptops,374
2024-10-14,Electronics,EL-Laptops,395
2024-10-21,Electronics,EL-Laptops,380
2024-10-28,Electronics,EL-Laptops,520
2024-11-04,Electronics,EL-Laptops,432
2024-11-11,Electronics,EL-Laptops,396
2024-11-18,Electronics,EL-Laptops,544
2024-11-25,Electronics,EL-Laptops,537
2024-12-02,Electronics,EL-Laptops,463
2024-12-09,Electronics,EL-Laptops,448
2024-12-16,Electronics,EL-Laptops,450
2024-12-23,Electronics,EL-Laptops,551
2024-12-30,Electronics,EL-Laptops,478
2025-01-06,Electronics,EL-Laptops,461
2025-01-13,Electronics,EL-Laptops,539
2025-01-20,Electronics,EL-Laptops,484
2025-01-27,Electronics,EL-Laptops,493
2025-02-03,Electronics,EL-Laptops,588
2025-02-10,Electronics,EL-Laptops,531
2025-02-17,Electronics,EL-Laptops,544
2025-02-24,Electronics,EL-Laptops,498
2025-03-03,Electronics,EL-Laptops,531
2025-03-10,Electronics,EL-Laptops,455
2025-03-17,Electronics,EL-Laptops,497
2025-03-24,Electronics,EL-Laptops,491
2025-03-31,Electronics,EL-Laptops,417
2025-04-07,Electronics,EL-Laptops,371
2025-04-14,Electronics,EL-Laptops,438
2025-04-21,Electronics,EL-Laptops,401
2025-04-28,Electronics,EL-Laptops,420
2025-05-05,Electronics,EL-Laptops,364
2025-05-12,Electronics,EL-Laptops,398
2025-05-19,Electronics,EL-Laptops,406
2025-05-26,Electronics,EL-Laptops,449
2025-06-02,Electronics,EL-Laptops,421
2025-06-09,Electronics,EL-Laptops,366
2025-06-16,Electronics,EL-Laptops,399
2025-06-23,Electronics,EL-Laptops,325
2025-06-30,Electronics,EL-Laptops,386
2025-07-07,Electronics,EL-Laptops,351
2025-07-14,Electronics,EL-Laptops,394
2025-07-21,Electronics,EL-Laptops,363
2025-07-28,Electronics,EL-Laptops,347
2025-08-04,Electronics,EL-Laptops,336
2025-08-11,Electronics,EL-Laptops,415
2025-08-18,Electronics,EL-Laptops,380
2025-08-25,Electronics,EL-Laptops,415
2025-09-01,Electronics,EL-Laptops,417
2025-09-08,Electronics,EL-Laptops,326
2025-09-15,Electronics,EL-Laptops,447
2025-09-22,Electronics,EL-Laptops,419
2025-09-29,Electronics,EL-Laptops,466
2025-10-06,Electronics,EL-Laptops,484
2025-10-13,Electronics,EL-Laptops,390
2025-10-20,Electronics,EL-Laptops,474
2025-10-27,Electronics,EL-Laptops,499
2025-11-03,Electronics,EL-Laptops,535
2025-11-10,Electronics,EL-Laptops,577
2025-11-17,Electronics,EL-Laptops,502
2025-11-24,Electronics,EL-Laptops,536
2025-12-01,Electronics,EL-Laptops,593
2025-12-08,Electronics,EL-Laptops,463
2025-12-15,Electronics,EL-Laptops,679
2025-12-22,Electronics,EL-Laptops,524
2023-01-02,Electronics,EL-Smartwatches,270
2023-01-09,Electronics,EL-Smartwatches,240
2023-01-16,Electronics,EL-Smartwatches,290
2023-01-23,Electronics,EL-Smartwatches,266
2023-01-30,Electronics,EL-Smartwatches,235
2023-02-06,Electronics,EL-Smartwatches,187
2023-02-13,Electronics,EL-Smartwatches,236
2023-02-20,Electronics,EL-Smartwatches,239
2023-02-27,Electronics,EL-Smartwatches,241
2023-03-06,Electronics,EL-Smartwatches,189
2023-03-13,Electronics,EL-Smartwatches,196
2023-03-20,Electronics,EL-Smartwatches,193
2023-03-27,Electronics,EL-Smartwatches,214
2023-04-03,Electronics,EL-Smartwatches,180
2023-04-10,Electronics,EL-Smartwatches,193
2023-04-17,Electronics,EL-Smartwatches,210
2023-04-24,Electronics,EL-Smartwatches,174
2023-05-01,Electronics,EL-Smartwatches,206
2023-05-08,Electronics,EL-Smartwatches,178
2023-05-15,Electronics,EL-Smartwatches,162
2023-05-22,Electronics,EL-Smartwatches,183
2023-05-29,Electronics,EL-Smartwatches,167
2023-06-05,Electronics,EL-Smartwatches,149
2023-06-12,Electronics,EL-Smartwatches,140
2023-06-19,Electronics,EL-Smartwatches,148
2023-06-26,Electronics,EL-Smartwatches,153
2023-07-03,Electronics,EL-Smartwatches,166
2023-07-10,Electronics,EL-Smartwatches,152
2023-07-17,Electronics,EL-Smartwatches,137
2023-07-24,Electronics,EL-Smartwatches,126
2023-07-31,Electronics,EL-Smartwatches,158
2023-08-07,Electronics,EL-Smartwatches,165
2023-08-14,Electronics,EL-Smartwatches,184
2023-08-21,Electronics,EL-Smartwatches,157
2023-08-28,Electronics,EL-Smartwatches,147
2023-09-04,Electronics,EL-Smartwatches,199
2023-09-11,Electronics,EL-Smartwatches,185
2023-09-18,Electronics,EL-Smartwatches,169
2023-09-25,Electronics,EL-Smartwatches,247
2023-10-02,Electronics,EL-Smartwatches,238
2023-10-09,Electronics,EL-Smartwatches,226
2023-10-16,Electronics,EL-Smartwatches,241
2023-10-23,Electronics,EL-Smartwatches,221
2023-10-30,Electronics,EL-Smartwatches,281
2023-11-06,Electronics,EL-Smartwatches,247
2023-11-13,Electronics,EL-Smartwatches,254
2023-11-20,Electronics,EL-Smartwatches,267
2023-11-27,Electronics,EL-Smartwatches,245
2023-12-04,Electronics,EL-Smartwatches,326
2023-12-11,Electronics,EL-Smartwatches,355
2023-12-18,Electronics,EL-Smartwatches,328
2023-12-25,Electronics,EL-Smartwatches,230
2024-01-01,Electronics,EL-Smartwatches,297
2024-01-08,Electronics,EL-Smartwatches,286
2024-01-15,Electronics,EL-Smartwatches,325
2024-01-22,Electronics,EL-Smartwatches,231
2024-01-29,Electronics,EL-Smartwatches,230
2024-02-05,Electronics,EL-Smartwatches,290
2024-02-12,Electronics,EL-Smartwatches,340
2024-02-19,Electronics,EL-Smartwatches,293
2024-02-26,Electronics,EL-Smartwatches,373
2024-03-04,Electronics,EL-Smartwatches,260
2024-03-11,Electronics,EL-Smartwatches,284
2024-03-18,Electronics,EL-Smartwatches,271
2024-03-25,Electronics,EL-Smartwatches,242
2024-04-01,Electronics,EL-Smartwatches,295
2024-04-08,Electronics,EL-Smartwatches,213
2024-04-15,Electronics,EL-Smartwatches,214
2024-04-22,Electronics,EL-Smartwatches,226
2024-04-29,Electronics,EL-Smartwatches,216
2024-05-06,Electronics,EL-Smartwatches,251
2024-05-13,Electronics,EL-Smartwatches,201
2024-05-20,Electronics,EL-Smartwatches,220
2024-05-27,Electronics,EL-Smartwatches,191
2024-06-03,Electronics,EL-Smartwatches,227
2024-06-10,Electronics,EL-Smartwatches,192
2024-06-17,Electronics,EL-Smartwatches,196
2024-06-24,Electronics,EL-Smartwatches,151
2024-07-01,Electronics,EL-Smartwatches,202
2024-07-08,Electronics,EL-Smartwatches,173
2024-07-15,Electronics,EL-Smartwatches,208
2024-07-22,Electronics,EL-Smartwatches,202
2024-07-29,Electronics,EL-Smartwatches,207
2024-08-05,Electronics,EL-Smartwatches,226
2024-08-12,Electronics,EL-Smartwatches,214
2024-08-19,Electronics,EL-Smartwatches,190
2024-08-26,Electronics,EL-Smartwatches,224
2024-09-02,Electronics,EL-Smartwatches,233
2024-09-09,Electronics,EL-Smartwatches,205
2024-09-16,Electronics,EL-Smartwatches,267
2024-09-23,Electronics,EL-Smartwatches,304
2024-09-30,Electronics,EL-Smartwatches,278
2024-10-07,Electronics,EL-Smartwatches,285
2024-10-14,Electronics,EL-Smartwatches,309
2024-10-21,Electronics,EL-Smartwatches,344
2024-10-28,Electronics,EL-Smartwatches,295
2024-11-04,Electronics,EL-Smartwatches,362
2024-11-11,Electronics,EL-Smartwatches,306
2024-11-18,Electronics,EL-Smartwatches,367
2024-11-25,Electronics,EL-Smartwatches,376
2024-12-02,Electronics,EL-Smartwatches,306
2024-12-09,Electronics,EL-Smartwatches,397
2024-12-16,Electronics,EL-Smartwatches,384
2024-12-23,Electronics,EL-Smartwatches,304
2024-12-30,Electronics,EL-Smartwatches,362
2025-01-06,Electronics,EL-Smartwatches,356
2025-01-13,Electronics,EL-Smartwatches,344
2025-01-20,Electronics,EL-Smartwatches,404
2025-01-27,Electronics,EL-Smartwatches,347
2025-02-03,Electronics,EL-Smartwatches,382
2025-02-10,Electronics,EL-Smartwatches,327
2025-02-17,Electronics,EL-Smartwatches,358
2025-02-24,Electronics,EL-Smartwatches,443
2025-03-03,Electronics,EL-Smartwatches,374
2025-03-10,Electronics,EL-Smartwatches,284
2025-03-17,Electronics,EL-Smartwatches,301
2025-03-24,Electronics,EL-Smartwatches,324
2025-03-31,Electronics,EL-Smartwatches,258
2025-04-07,Electronics,EL-Smartwatches,346
2025-04-14,Electronics,EL-Smartwatches,298
2025-04-21,Electronics,EL-Smartwatches,287
2025-04-28,Electronics,EL-Smartwatches,282
2025-05-05,Electronics,EL-Smartwatches,248
2025-05-12,Electronics,EL-Smartwatches,226
2025-05-19,Electronics,EL-Smartwatches,160
2025-05-26,Electronics,EL-Smartwatches,199
2025-06-02,Electronics,EL-Smartwatches,247
2025-06-09,Electronics,EL-Smartwatches,254
2025-06-16,Electronics,EL-Smartwatches,226
2025-06-23,Electronics,EL-Smartwatches,178
2025-06-30,Electronics,EL-Smartwatches,218
2025-07-07,Electronics,EL-Smartwatches,228
2025-07-14,Electronics,EL-Smartwatches,193
2025-07-21,Electronics,EL-Smartwatches,269
2025-07-28,Electronics,EL-Smartwatches,204
2025-08-04,Electronics,EL-Smartwatches,241
2025-08-11,Electronics,EL-Smartwatches,216
2025-08-18,Electronics,EL-Smartwatches,284
2025-08-25,Electronics,EL-Smartwatches,226
2025-09-01,Electronics,EL-Smartwatches,247
2025-09-08,Electronics,EL-Smartwatches,326
2025-09-15,Electronics,EL-Smartwatches,255
2025-09-22,Electronics,EL-Smartwatches,292
2025-09-29,Electronics,EL-Smartwatches,346
2025-10-06,Electronics,EL-Smartwatches,353
2025-10-13,Electronics,EL-Smartwatches,278
2025-10-20,Electronics,EL-Smartwatches,391
2025-10-27,Electronics,EL-Smartwatches,365
2025-11-03,Electronics,EL-Smartwatches,447
2025-11-10,Electronics,EL-Smartwatches,319
2025-11-17,Electronics,EL-Smartwatches,451
2025-11-24,Electronics,EL-Smartwatches,444
2025-12-01,Electronics,EL-Smartwatches,413
2025-12-08,Electronics,EL-Smartwatches,419
2025-12-15,Electronics,EL-Smartwatches,468
2025-12-22,Electronics,EL-Smartwatches,415
2023-01-02,Grocery,GR-Snacks,835
2023-01-09,Grocery,GR-Snacks,808
2023-01-16,Grocery,GR-Snacks,848
2023-01-23,Grocery,GR-Snacks,871
2023-01-30,Grocery,GR-Snacks,755
2023-02-06,Grocery,GR-Snacks,833
2023-02-13,Grocery,GR-Snacks,845
2023-02-20,Grocery,GR-Snacks,904
2023-02-27,Grocery,GR-Snacks,794
2023-03-06,Grocery,GR-Snacks,895
2023-03-13,Grocery,GR-Snacks,813
2023-03-20,Grocery,GR-Snacks,864
2023-03-27,Grocery,GR-Snacks,855
2023-04-03,Grocery,GR-Snacks,863
2023-04-10,Grocery,GR-Snacks,839
2023-04-17,Grocery,GR-Snacks,813
2023-04-24,Grocery,GR-Snacks,948
2023-05-01,Grocery,GR-Snacks,955
2023-05-08,Grocery,GR-Snacks,882
2023-05-15,Grocery,GR-Snacks,888
2023-05-22,Grocery,GR-Snacks,894
2023-05-29,Grocery,GR-Snacks,842
2023-06-05,Grocery,GR-Snacks,863
2023-06-12,Grocery,GR-Snacks,955
2023-06-19,Grocery,GR-Snacks,994
2023-06-26,Grocery,GR-Snacks,936
2023-07-03,Grocery,GR-Snacks,903
2023-07-10,Grocery,GR-Snacks,901
2023-07-17,Grocery,GR-Snacks,933
2023-07-24,Grocery,GR-Snacks,1013
2023-07-31,Grocery,GR-Snacks,980
2023-08-07,Grocery,GR-Snacks,896
2023-08-14,Grocery,GR-Snacks,914
2023-08-21,Grocery,GR-Snacks,1002
2023-08-28,Grocery,GR-Snacks,1000
2023-09-04,Grocery,GR-Snacks,1084
2023-09-11,Grocery,GR-Snacks,1063
2023-09-18,Grocery,GR-Snacks,986
2023-09-25,Grocery,GR-Snacks,932
2023-10-02,Grocery,GR-Snacks,978
2023-10-09,Grocery,GR-Snacks,895
2023-10-16,Grocery,GR-Snacks,914
2023-10-23,Grocery,GR-Snacks,1003
2023-10-30,Grocery,GR-Snacks,973
2023-11-06,Grocery,GR-Snacks,982
2023-11-13,Grocery,GR-Snacks,1008
2023-11-20,Grocery,GR-Snacks,891
2023-11-27,Grocery,GR-Snacks,948
2023-12-04,Grocery,GR-Snacks,901
2023-12-11,Grocery,GR-Snacks,905
2023-12-18,Grocery,GR-Snacks,893
2023-12-25,Grocery,GR-Snacks,901
2024-01-01,Grocery,GR-Snacks,795
2024-01-08,Grocery,GR-Snacks,791
2024-01-15,Grocery,GR-Snacks,860
2024-01-22,Grocery,GR-Snacks,876
2024-01-29,Grocery,GR-Snacks,824
2024-02-05,Grocery,GR-Snacks,840
2024-02-12,Grocery,GR-Snacks,774
2024-02-19,Grocery,GR-Snacks,892
2024-02-26,Grocery,GR-Snacks,868
2024-03-04,Grocery,GR-Snacks,922
2024-03-11,Grocery,GR-Snacks,829
2024-03-18,Grocery,GR-Snacks,849
2024-03-25,Grocery,GR-Snacks,862
2024-04-01,Grocery,GR-Snacks,935
2024-04-08,Grocery,GR-Snacks,900
2024-04-15,Grocery,GR-Snacks,899
2024-04-22,Grocery,GR-Snacks,799
2024-04-29,Grocery,GR-Snacks,849
2024-05-06,Grocery,GR-Snacks,824
2024-05-13,Grocery,GR-Snacks,902
2024-05-20,Grocery,GR-Snacks,968
2024-05-27,Grocery,GR-Snacks,933
2024-06-03,Grocery,GR-Snacks,888
2024-06-10,Grocery,GR-Snacks,1063
2024-06-17,Grocery,GR-Snacks,894
2024-06-24,Grocery,GR-Snacks,1044
2024-07-01,Grocery,GR-Snacks,1039
2024-07-08,Grocery,GR-Snacks,994
2024-07-15,Grocery,GR-Snacks,1064
2024-07-22,Grocery,GR-Snacks,925
2024-07-29,Grocery,GR-Snacks,961
2024-08-05,Grocery,GR-Snacks,979
2024-08-12,Grocery,GR-Snacks,1021
2024-08-19,Grocery,GR-Snacks,989
2024-08-26,Grocery,GR-Snacks,1101
2024-09-02,Grocery,GR-Snacks,975
2024-09-09,Grocery,GR-Snacks,982
2024-09-16,Grocery,GR-Snacks,920
2024-09-23,Grocery,GR-Snacks,1016
2024-09-30,Grocery,GR-Snacks,1029
2024-10-07,Grocery,GR-Snacks,933
2024-10-14,Grocery,GR-Snacks,897
2024-10-21,Grocery,GR-Snacks,883
2024-10-28,Grocery,GR-Snacks,1021
2024-11-04,Grocery,GR-Snacks,991
2024-11-11,Grocery,GR-Snacks,953
2024-11-18,Grocery,GR-Snacks,971
2024-11-25,Grocery,GR-Snacks,947
2024-12-02,Grocery,GR-Snacks,937
2024-12-09,Grocery,GR-Snacks,816
2024-12-16,Grocery,GR-Snacks,923
2024-12-23,Grocery,GR-Snacks,926
2024-12-30,Grocery,GR-Snacks,941
2025-01-06,Grocery,GR-Snacks,926
2025-01-13,Grocery,GR-Snacks,835
2025-01-20,Grocery,GR-Snacks,879
2025-01-27,Grocery,GR-Snacks,790
2025-02-03,Grocery,GR-Snacks,934
2025-02-10,Grocery,GR-Snacks,789
2025-02-17,Grocery,GR-Snacks,894
2025-02-24,Grocery,GR-Snacks,819
2025-03-03,Grocery,GR-Snacks,819
2025-03-10,Grocery,GR-Snacks,818
2025-03-17,Grocery,GR-Snacks,851
2025-03-24,Grocery,GR-Snacks,893
2025-03-31,Grocery,GR-Snacks,937
2025-04-07,Grocery,GR-Snacks,870
2025-04-14,Grocery,GR-Snacks,938
2025-04-21,Grocery,GR-Snacks,948
2025-04-28,Grocery,GR-Snacks,1021
2025-05-05,Grocery,GR-Snacks,886
2025-05-12,Grocery,GR-Snacks,945
2025-05-19,Grocery,GR-Snacks,975
2025-05-26,Grocery,GR-Snacks,954
2025-06-02,Grocery,GR-Snacks,991
2025-06-09,Grocery,GR-Snacks,926
2025-06-16,Grocery,GR-Snacks,952
2025-06-23,Grocery,GR-Snacks,944
2025-06-30,Grocery,GR-Snacks,951
2025-07-07,Grocery,GR-Snacks,943
2025-07-14,Grocery,GR-Snacks,995
2025-07-21,Grocery,GR-Snacks,933
2025-07-28,Grocery,GR-Snacks,976
2025-08-04,Grocery,GR-Snacks,1048
2025-08-11,Grocery,GR-Snacks,920
2025-08-18,Grocery,GR-Snacks,952
2025-08-25,Grocery,GR-Snacks,991
2025-09-01,Grocery,GR-Snacks,950
2025-09-08,Grocery,GR-Snacks,952
2025-09-15,Grocery,GR-Snacks,1121
2025-09-22,Grocery,GR-Snacks,1024
2025-09-29,Grocery,GR-Snacks,972
2025-10-06,Grocery,GR-Snacks,949
2025-10-13,Grocery,GR-Snacks,894
2025-10-20,Grocery,GR-Snacks,911
2025-10-27,Grocery,GR-Snacks,837
2025-11-03,Grocery,GR-Snacks,994
2025-11-10,Grocery,GR-Snacks,924
2025-11-17,Grocery,GR-Snacks,996
2025-11-24,Grocery,GR-Snacks,935
2025-12-01,Grocery,GR-Snacks,817
2025-12-08,Grocery,GR-Snacks,1023
2025-12-15,Grocery,GR-Snacks,938
2025-12-22,Grocery,GR-Snacks,951
2023-01-02,Grocery,GR-Beverages,1057
2023-01-09,Grocery,GR-Beverages,1031
2023-01-16,Grocery,GR-Beverages,1034
2023-01-23,Grocery,GR-Beverages,1149
2023-01-30,Grocery,GR-Beverages,910
2023-02-06,Grocery,GR-Beverages,902
2023-02-13,Grocery,GR-Beverages,988
2023-02-20,Grocery,GR-Beverages,807
2023-02-27,Grocery,GR-Beverages,1014
2023-03-06,Grocery,GR-Beverages,833
2023-03-13,Grocery,GR-Beverages,968
2023-03-20,Grocery,GR-Beverages,877
2023-03-27,Grocery,GR-Beverages,860
2023-04-03,Grocery,GR-Beverages,810
2023-04-10,Grocery,GR-Beverages,971
2023-04-17,Grocery,GR-Beverages,870
2023-04-24,Grocery,GR-Beverages,812
2023-05-01,Grocery,GR-Beverages,946
2023-05-08,Grocery,GR-Beverages,911
2023-05-15,Grocery,GR-Beverages,970
2023-05-22,Grocery,GR-Beverages,928
2023-05-29,Grocery,GR-Beverages,1001
2023-06-05,Grocery,GR-Beverages,1031
2023-06-12,Grocery,GR-Beverages,1025
2023-06-19,Grocery,GR-Beverages,930
2023-06-26,Grocery,GR-Beverages,1112
2023-07-03,Grocery,GR-Beverages,1207
2023-07-10,Grocery,GR-Beverages,1163
2023-07-17,Grocery,GR-Beverages,1230
2023-07-24,Grocery,GR-Beverages,1245
2023-07-31,Grocery,GR-Beverages,1179
2023-08-07,Grocery,GR-Beverages,1318
2023-08-14,Grocery,GR-Beverages,1228
2023-08-21,Grocery,GR-Beverages,1179
2023-08-28,Grocery,GR-Beverages,1172
2023-09-04,Grocery,GR-Beverages,1391
2023-09-11,Grocery,GR-Beverages,1373
2023-09-18,Grocery,GR-Beverages,1375
2023-09-25,Grocery,GR-Beverages,1271
2023-10-02,Grocery,GR-Beverages,1157
2023-10-09,Grocery,GR-Beverages,1394
2023-10-16,Grocery,GR-Beverages,1309
2023-10-23,Grocery,GR-Beverages,1255
2023-10-30,Grocery,GR-Beverages,1244
2023-11-06,Grocery,GR-Beverages,1234
2023-11-13,Grocery,GR-Beverages,1106
2023-11-20,Grocery,GR-Beverages,1304
2023-11-27,Grocery,GR-Beverages,1290
2023-12-04,Grocery,GR-Beverages,1280
2023-12-11,Grocery,GR-Beverages,1153
2023-12-18,Grocery,GR-Beverages,1057
2023-12-25,Grocery,GR-Beverages,1024
2024-01-01,Grocery,GR-Beverages,1081
2024-01-08,Grocery,GR-Beverages,1209
2024-01-15,Grocery,GR-Beverages,1120
2024-01-22,Grocery,GR-Beverages,1029
2024-01-29,Grocery,GR-Beverages,1035
2024-02-05,Grocery,GR-Beverages,1035
2024-02-12,Grocery,GR-Beverages,963
2024-02-19,Grocery,GR-Beverages,955
2024-02-26,Grocery,GR-Beverages,937
2024-03-04,Grocery,GR-Beverages,873
2024-03-11,Grocery,GR-Beverages,828
2024-03-18,Grocery,GR-Beverages,856
2024-03-25,Grocery,GR-Beverages,957
2024-04-01,Grocery,GR-Beverages,788
2024-04-08,Grocery,GR-Beverages,860
2024-04-15,Grocery,GR-Beverages,866
2024-04-22,Grocery,GR-Beverages,902
2024-04-29,Grocery,GR-Beverages,882
2024-05-06,Grocery,GR-Beverages,975
2024-05-13,Grocery,GR-Beverages,917
2024-05-20,Grocery,GR-Beverages,960
2024-05-27,Grocery,GR-Beverages,1029
2024-06-03,Grocery,GR-Beverages,906
2024-06-10,Grocery,GR-Beverages,1106
2024-06-17,Grocery,GR-Beverages,1129
2024-06-24,Grocery,GR-Beverages,982
2024-07-01,Grocery,GR-Beverages,1100
2024-07-08,Grocery,GR-Beverages,1076
2024-07-15,Grocery,GR-Beverages,1131
2024-07-22,Grocery,GR-Beverages,1250
2024-07-29,Grocery,GR-Beverages,1053
2024-08-05,Grocery,GR-Beverages,1306
2024-08-12,Grocery,GR-Beverages,1292
2024-08-19,Grocery,GR-Beverages,1273
2024-08-26,Grocery,GR-Beverages,1488
2024-09-02,Grocery,GR-Beverages,1260
2024-09-09,Grocery,GR-Beverages,1179
2024-09-16,Grocery,GR-Beverages,1359
2024-09-23,Grocery,GR-Beverages,1342
2024-09-30,Grocery,GR-Beverages,1272
2024-10-07,Grocery,GR-Beverages,1133
2024-10-14,Grocery,GR-Beverages,1150
2024-10-21,Grocery,GR-Beverages,1465
2024-10-28,Grocery,GR-Beverages,1168
2024-11-04,Grocery,GR-Beverages,1416
2024-11-11,Grocery,GR-Beverages,1348
2024-11-18,Grocery,GR-Beverages,1065
2024-11-25,Grocery,GR-Beverages,1252
2024-12-02,Grocery,GR-Beverages,1267
2024-12-09,Grocery,GR-Beverages,1280
2024-12-16,Grocery,GR-Beverages,1270
2024-12-23,Grocery,GR-Beverages,1236
2024-12-30,Grocery,GR-Beverages,1107
2025-01-06,Grocery,GR-Beverages,1065
2025-01-13,Grocery,GR-Beverages,1042
2025-01-20,Grocery,GR-Beverages,1069
2025-01-27,Grocery,GR-Beverages,942
2025-02-03,Grocery,GR-Beverages,912
2025-02-10,Grocery,GR-Beverages,1117
2025-02-17,Grocery,GR-Beverages,1007
2025-02-24,Grocery,GR-Beverages,997
2025-03-03,Grocery,GR-Beverages,900
2025-03-10,Grocery,GR-Beverages,850
2025-03-17,Grocery,GR-Beverages,869
2025-03-24,Grocery,GR-Beverages,842
2025-03-31,Grocery,GR-Beverages,851
2025-04-07,Grocery,GR-Beverages,794
2025-04-14,Grocery,GR-Beverages,934
2025-04-21,Grocery,GR-Beverages,925
2025-04-28,Grocery,GR-Beverages,965
2025-05-05,Grocery,GR-Beverages,933
2025-05-12,Grocery,GR-Beverages,899
2025-05-19,Grocery,GR-Beverages,1100
2025-05-26,Grocery,GR-Beverages,1050
2025-06-02,Grocery,GR-Beverages,1048
2025-06-09,Grocery,GR-Beverages,1097
2025-06-16,Grocery,GR-Beverages,1037
2025-06-23,Grocery,GR-Beverages,1141
2025-06-30,Grocery,GR-Beverages,1055
2025-07-07,Grocery,GR-Beverages,1219
2025-07-14,Grocery,GR-Beverages,1242
2025-07-21,Grocery,GR-Beverages,1261
2025-07-28,Grocery,GR-Beverages,1250
2025-08-04,Grocery,GR-Beverages,1251
2025-08-11,Grocery,GR-Beverages,1281
2025-08-18,Grocery,GR-Beverages,1344
2025-08-25,Grocery,GR-Beverages,1256
2025-09-01,Grocery,GR-Beverages,1375
2025-09-08,Grocery,GR-Beverages,1393
2025-09-15,Grocery,GR-Beverages,1214
2025-09-22,Grocery,GR-Beverages,1177
2025-09-29,Grocery,GR-Beverages,1364
2025-10-06,Grocery,GR-Beverages,1304
2025-10-13,Grocery,GR-Beverages,1256
2025-10-20,Grocery,GR-Beverages,1209
2025-10-27,Grocery,GR-Beverages,1211
2025-11-03,Grocery,GR-Beverages,1150
2025-11-10,Grocery,GR-Beverages,1250
2025-11-17,Grocery,GR-Beverages,1127
2025-11-24,Grocery,GR-Beverages,1094
2025-12-01,Grocery,GR-Beverages,1208
2025-12-08,Grocery,GR-Beverages,1319
2025-12-15,Grocery,GR-Beverages,1268
2025-12-22,Grocery,GR-Beverages,1128
2023-01-02,Grocery,GR-Produce,683
2023-01-09,Grocery,GR-Produce,637
2023-01-16,Grocery,GR-Produce,636
2023-01-23,Grocery,GR-Produce,592
2023-01-30,Grocery,GR-Produce,630
2023-02-06,Grocery,GR-Produce,566
2023-02-13,Grocery,GR-Produce,579
2023-02-20,Grocery,GR-Produce,608
2023-02-27,Grocery,GR-Produce,610
2023-03-06,Grocery,GR-Produce,725
2023-03-13,Grocery,GR-Produce,566
2023-03-20,Grocery,GR-Produce,555
2023-03-27,Grocery,GR-Produce,654
2023-04-03,Grocery,GR-Produce,654
2023-04-10,Grocery,GR-Produce,666
2023-04-17,Grocery,GR-Produce,627
2023-04-24,Grocery,GR-Produce,555
2023-05-01,Grocery,GR-Produce,628
2023-05-08,Grocery,GR-Produce,582
2023-05-15,Grocery,GR-Produce,662
2023-05-22,Grocery,GR-Produce,780
2023-05-29,Grocery,GR-Produce,666
2023-06-05,Grocery,GR-Produce,701
2023-06-12,Grocery,GR-Produce,773
2023-06-19,Grocery,GR-Produce,630
2023-06-26,Grocery,GR-Produce,772
2023-07-03,Grocery,GR-Produce,710
2023-07-10,Grocery,GR-Produce,696
2023-07-17,Grocery,GR-Produce,724
2023-07-24,Grocery,GR-Produce,689
2023-07-31,Grocery,GR-Produce,819
2023-08-07,Grocery,GR-Produce,773
2023-08-14,Grocery,GR-Produce,739
2023-08-21,Grocery,GR-Produce,806
2023-08-28,Grocery,GR-Produce,672
2023-09-04,Grocery,GR-Produce,585
2023-09-11,Grocery,GR-Produce,865
2023-09-18,Grocery,GR-Produce,732
2023-09-25,Grocery,GR-Produce,820
2023-10-02,Grocery,GR-Produce,703
2023-10-09,Grocery,GR-Produce,636
2023-10-16,Grocery,GR-Produce,680
2023-10-23,Grocery,GR-Produce,806
2023-10-30,Grocery,GR-Produce,762
2023-11-06,Grocery,GR-Produce,688
2023-11-13,Grocery,GR-Produce,763
2023-11-20,Grocery,GR-Produce,691
2023-11-27,Grocery,GR-Produce,710
2023-12-04,Grocery,GR-Produce,623
2023-12-11,Grocery,GR-Produce,542
2023-12-18,Grocery,GR-Produce,674
2023-12-25,Grocery,GR-Produce,698
2024-01-01,Grocery,GR-Produce,598
2024-01-08,Grocery,GR-Produce,731
2024-01-15,Grocery,GR-Produce,649
2024-01-22,Grocery,GR-Produce,723
2024-01-29,Grocery,GR-Produce,656
2024-02-05,Grocery,GR-Produce,681
2024-02-12,Grocery,GR-Produce,596
2024-02-19,Grocery,GR-Produce,527
2024-02-26,Grocery,GR-Produce,724
2024-03-04,Grocery,GR-Produce,674
2024-03-11,Grocery,GR-Produce,642
2024-03-18,Grocery,GR-Produce,556
2024-03-25,Grocery,GR-Produce,657
2024-04-01,Grocery,GR-Produce,556
2024-04-08,Grocery,GR-Produce,646
2024-04-15,Grocery,GR-Produce,674
2024-04-22,Grocery,GR-Produce,659
2024-04-29,Grocery,GR-Produce,581
2024-05-06,Grocery,GR-Produce,682
2024-05-13,Grocery,GR-Produce,666
2024-05-20,Grocery,GR-Produce,697
2024-05-27,Grocery,GR-Produce,750
2024-06-03,Grocery,GR-Produce,644
2024-06-10,Grocery,GR-Produce,641
2024-06-17,Grocery,GR-Produce,571
2024-06-24,Grocery,GR-Produce,807
2024-07-01,Grocery,GR-Produce,669
2024-07-08,Grocery,GR-Produce,813
2024-07-15,Grocery,GR-Produce,761
2024-07-22,Grocery,GR-Produce,823
2024-07-29,Grocery,GR-Produce,765
2024-08-05,Grocery,GR-Produce,786
2024-08-12,Grocery,GR-Produce,742
2024-08-19,Grocery,GR-Produce,792
2024-08-26,Grocery,GR-Produce,691
2024-09-02,Grocery,GR-Produce,832
2024-09-09,Grocery,GR-Produce,647
2024-09-16,Grocery,GR-Produce,725
2024-09-23,Grocery,GR-Produce,730
2024-09-30,Grocery,GR-Produce,758
2024-10-07,Grocery,GR-Produce,739
2024-10-14,Grocery,GR-Produce,676
2024-10-21,Grocery,GR-Produce,737
2024-10-28,Grocery,GR-Produce,549
2024-11-04,Grocery,GR-Produce,670
2024-11-11,Grocery,GR-Produce,702
2024-11-18,Grocery,GR-Produce,654
2024-11-25,Grocery,GR-Produce,747
2024-12-02,Grocery,GR-Produce,668
2024-12-09,Grocery,GR-Produce,695
2024-12-16,Grocery,GR-Produce,590
2024-12-23,Grocery,GR-Produce,701
2024-12-30,Grocery,GR-Produce,681
2025-01-06,Grocery,GR-Produce,544
2025-01-13,Grocery,GR-Produce,700
2025-01-20,Grocery,GR-Produce,551
2025-01-27,Grocery,GR-Produce,544
2025-02-03,Grocery,GR-Produce,648
2025-02-10,Grocery,GR-Produce,693
2025-02-17,Grocery,GR-Produce,631
2025-02-24,Grocery,GR-Produce,586
2025-03-03,Grocery,GR-Produce,555
2025-03-10,Grocery,GR-Produce,554
2025-03-17,Grocery,GR-Produce,606
2025-03-24,Grocery,GR-Produce,617
2025-03-31,Grocery,GR-Produce,550
2025-04-07,Grocery,GR-Produce,634
2025-04-14,Grocery,GR-Produce,492
2025-04-21,Grocery,GR-Produce,632
2025-04-28,Grocery,GR-Produce,575
2025-05-05,Grocery,GR-Produce,562
2025-05-12,Grocery,GR-Produce,764
2025-05-19,Grocery,GR-Produce,687
2025-05-26,Grocery,GR-Produce,643
2025-06-02,Grocery,GR-Produce,605
2025-06-09,Grocery,GR-Produce,767
2025-06-16,Grocery,GR-Produce,696
2025-06-23,Grocery,GR-Produce,651
2025-06-30,Grocery,GR-Produce,557
2025-07-07,Grocery,GR-Produce,775
2025-07-14,Grocery,GR-Produce,771
2025-07-21,Grocery,GR-Produce,762
2025-07-28,Grocery,GR-Produce,665
2025-08-04,Grocery,GR-Produce,619
2025-08-11,Grocery,GR-Produce,820
2025-08-18,Grocery,GR-Produce,726
2025-08-25,Grocery,GR-Produce,798
2025-09-01,Grocery,GR-Produce,577
2025-09-08,Grocery,GR-Produce,729
2025-09-15,Grocery,GR-Produce,793
2025-09-22,Grocery,GR-Produce,740
2025-09-29,Grocery,GR-Produce,859
2025-10-06,Grocery,GR-Produce,791
2025-10-13,Grocery,GR-Produce,795
2025-10-20,Grocery,GR-Produce,764
2025-10-27,Grocery,GR-Produce,698
2025-11-03,Grocery,GR-Produce,654
2025-11-10,Grocery,GR-Produce,643
2025-11-17,Grocery,GR-Produce,762
2025-11-24,Grocery,GR-Produce,664
2025-12-01,Grocery,GR-Produce,539
2025-12-08,Grocery,GR-Produce,667
2025-12-15,Grocery,GR-Produce,650
2025-12-22,Grocery,GR-Produce,608
2023-01-02,Apparel,AP-Footwear,307
2023-01-09,Apparel,AP-Footwear,276
2023-01-16,Apparel,AP-Footwear,377
2023-01-23,Apparel,AP-Footwear,298
2023-01-30,Apparel,AP-Footwear,288
2023-02-06,Apparel,AP-Footwear,326
2023-02-13,Apparel,AP-Footwear,334
2023-02-20,Apparel,AP-Footwear,361
2023-02-27,Apparel,AP-Footwear,349
2023-03-06,Apparel,AP-Footwear,369
2023-03-13,Apparel,AP-Footwear,356
2023-03-20,Apparel,AP-Footwear,353
2023-03-27,Apparel,AP-Footwear,334
2023-04-03,Apparel,AP-Footwear,349
2023-04-10,Apparel,AP-Footwear,377
2023-04-17,Apparel,AP-Footwear,342
2023-04-24,Apparel,AP-Footwear,417
2023-05-01,Apparel,AP-Footwear,382
2023-05-08,Apparel,AP-Footwear,437
2023-05-15,Apparel,AP-Footwear,427
2023-05-22,Apparel,AP-Footwear,389
2023-05-29,Apparel,AP-Footwear,510
2023-06-05,Apparel,AP-Footwear,452
2023-06-12,Apparel,AP-Footwear,377
2023-06-19,Apparel,AP-Footwear,415
2023-06-26,Apparel,AP-Footwear,376
2023-07-03,Apparel,AP-Footwear,362
2023-07-10,Apparel,AP-Footwear,396
2023-07-17,Apparel,AP-Footwear,370
2023-07-24,Apparel,AP-Footwear,412
2023-07-31,Apparel,AP-Footwear,330
2023-08-07,Apparel,AP-Footwear,381
2023-08-14,Apparel,AP-Footwear,410
2023-08-21,Apparel,AP-Footwear,369
2023-08-28,Apparel,AP-Footwear,416
2023-09-04,Apparel,AP-Footwear,411
2023-09-11,Apparel,AP-Footwear,306
2023-09-18,Apparel,AP-Footwear,326
2023-09-25,Apparel,AP-Footwear,315
2023-10-02,Apparel,AP-Footwear,371
2023-10-09,Apparel,AP-Footwear,308
2023-10-16,Apparel,AP-Footwear,259
2023-10-23,Apparel,AP-Footwear,297
2023-10-30,Apparel,AP-Footwear,303
2023-11-06,Apparel,AP-Footwear,305
2023-11-13,Apparel,AP-Footwear,303
2023-11-20,Apparel,AP-Footwear,308
2023-11-27,Apparel,AP-Footwear,285
2023-12-04,Apparel,AP-Footwear,307
2023-12-11,Apparel,AP-Footwear,297
2023-12-18,Apparel,AP-Footwear,300
2023-12-25,Apparel,AP-Footwear,307
2024-01-01,Apparel,AP-Footwear,343
2024-01-08,Apparel,AP-Footwear,331
2024-01-15,Apparel,AP-Footwear,348
2024-01-22,Apparel,AP-Footwear,312
2024-01-29,Apparel,AP-Footwear,288
2024-02-05,Apparel,AP-Footwear,341
2024-02-12,Apparel,AP-Footwear,380
2024-02-19,Apparel,AP-Footwear,359
2024-02-26,Apparel,AP-Footwear,350
2024-03-04,Apparel,AP-Footwear,322
2024-03-11,Apparel,AP-Footwear,393
2024-03-18,Apparel,AP-Footwear,360
2024-03-25,Apparel,AP-Footwear,336
2024-04-01,Apparel,AP-Footwear,414
2024-04-08,Apparel,AP-Footwear,410
2024-04-15,Apparel,AP-Footwear,459
2024-04-22,Apparel,AP-Footwear,371
2024-04-29,Apparel,AP-Footwear,369
2024-05-06,Apparel,AP-Footwear,430
2024-05-13,Apparel,AP-Footwear,487
2024-05-20,Apparel,AP-Footwear,437
2024-05-27,Apparel,AP-Footwear,455
2024-06-03,Apparel,AP-Footwear,377
2024-06-10,Apparel,AP-Footwear,441
2024-06-17,Apparel,AP-Footwear,371
2024-06-24,Apparel,AP-Footwear,356
2024-07-01,Apparel,AP-Footwear,450
2024-07-08,Apparel,AP-Footwear,462
2024-07-15,Apparel,AP-Footwear,389
2024-07-22,Apparel,AP-Footwear,417
2024-07-29,Apparel,AP-Footwear,425
2024-08-05,Apparel,AP-Footwear,392
2024-08-12,Apparel,AP-Footwear,395
2024-08-19,Apparel,AP-Footwear,399
2024-08-26,Apparel,AP-Footwear,352
2024-09-02,Apparel,AP-Footwear,338
2024-09-09,Apparel,AP-Footwear,383
2024-09-16,Apparel,AP-Footwear,437
2024-09-23,Apparel,AP-Footwear,344
2024-09-30,Apparel,AP-Footwear,337
2024-10-07,Apparel,AP-Footwear,405
2024-10-14,Apparel,AP-Footwear,321
2024-10-21,Apparel,AP-Footwear,315
2024-10-28,Apparel,AP-Footwear,392
2024-11-04,Apparel,AP-Footwear,353
2024-11-11,Apparel,AP-Footwear,352
2024-11-18,Apparel,AP-Footwear,266
2024-11-25,Apparel,AP-Footwear,367
2024-12-02,Apparel,AP-Footwear,323
2024-12-09,Apparel,AP-Footwear,362
2024-12-16,Apparel,AP-Footwear,351
2024-12-23,Apparel,AP-Footwear,394
2024-12-30,Apparel,AP-Footwear,368
2025-01-06,Apparel,AP-Footwear,404
2025-01-13,Apparel,AP-Footwear,332
2025-01-20,Apparel,AP-Footwear,394
2025-01-27,Apparel,AP-Footwear,385
2025-02-03,Apparel,AP-Footwear,355
2025-02-10,Apparel,AP-Footwear,333
2025-02-17,Apparel,AP-Footwear,379
2025-02-24,Apparel,AP-Footwear,364
2025-03-03,Apparel,AP-Footwear,386
2025-03-10,Apparel,AP-Footwear,392
2025-03-17,Apparel,AP-Footwear,393
2025-03-24,Apparel,AP-Footwear,429
2025-03-31,Apparel,AP-Footwear,437
2025-04-07,Apparel,AP-Footwear,398
2025-04-14,Apparel,AP-Footwear,412
2025-04-21,Apparel,AP-Footwear,457
2025-04-28,Apparel,AP-Footwear,431
2025-05-05,Apparel,AP-Footwear,436
2025-05-12,Apparel,AP-Footwear,420
2025-05-19,Apparel,AP-Footwear,384
2025-05-26,Apparel,AP-Footwear,451
2025-06-02,Apparel,AP-Footwear,419
2025-06-09,Apparel,AP-Footwear,457
2025-06-16,Apparel,AP-Footwear,446
2025-06-23,Apparel,AP-Footwear,440
2025-06-30,Apparel,AP-Footwear,489
2025-07-07,Apparel,AP-Footwear,416
2025-07-14,Apparel,AP-Footwear,491
2025-07-21,Apparel,AP-Footwear,453
2025-07-28,Apparel,AP-Footwear,538
2025-08-04,Apparel,AP-Footwear,393
2025-08-11,Apparel,AP-Footwear,396
2025-08-18,Apparel,AP-Footwear,429
2025-08-25,Apparel,AP-Footwear,437
2025-09-01,Apparel,AP-Footwear,391
2025-09-08,Apparel,AP-Footwear,422
2025-09-15,Apparel,AP-Footwear,392
2025-09-22,Apparel,AP-Footwear,332
2025-09-29,Apparel,AP-Footwear,386
2025-10-06,Apparel,AP-Footwear,399
2025-10-13,Apparel,AP-Footwear,378
2025-10-20,Apparel,AP-Footwear,358
2025-10-27,Apparel,AP-Footwear,329
2025-11-03,Apparel,AP-Footwear,379
2025-11-10,Apparel,AP-Footwear,399
2025-11-17,Apparel,AP-Footwear,308
2025-11-24,Apparel,AP-Footwear,372
2025-12-01,Apparel,AP-Footwear,296
2025-12-08,Apparel,AP-Footwear,362
2025-12-15,Apparel,AP-Footwear,271
2025-12-22,Apparel,AP-Footwear,355
2023-01-02,Apparel,AP-Outerwear,395
2023-01-09,Apparel,AP-Outerwear,317
2023-01-16,Apparel,AP-Outerwear,329
2023-01-23,Apparel,AP-Outerwear,397
2023-01-30,Apparel,AP-Outerwear,387
2023-02-06,Apparel,AP-Outerwear,416
2023-02-13,Apparel,AP-Outerwear,467
2023-02-20,Apparel,AP-Outerwear,353
2023-02-27,Apparel,AP-Outerwear,416
2023-03-06,Apparel,AP-Outerwear,317
2023-03-13,Apparel,AP-Outerwear,266
2023-03-20,Apparel,AP-Outerwear,352
2023-03-27,Apparel,AP-Outerwear,271
2023-04-03,Apparel,AP-Outerwear,402
2023-04-10,Apparel,AP-Outerwear,408
2023-04-17,Apparel,AP-Outerwear,382
2023-04-24,Apparel,AP-Outerwear,288
2023-05-01,Apparel,AP-Outerwear,311
2023-05-08,Apparel,AP-Outerwear,266
2023-05-15,Apparel,AP-Outerwear,309
2023-05-22,Apparel,AP-Outerwear,269
2023-05-29,Apparel,AP-Outerwear,326
2023-06-05,Apparel,AP-Outerwear,291
2023-06-12,Apparel,AP-Outerwear,229
2023-06-19,Apparel,AP-Outerwear,296
2023-06-26,Apparel,AP-Outerwear,249
2023-07-03,Apparel,AP-Outerwear,256
2023-07-10,Apparel,AP-Outerwear,225
2023-07-17,Apparel,AP-Outerwear,248
2023-07-24,Apparel,AP-Outerwear,237
2023-07-31,Apparel,AP-Outerwear,224
2023-08-07,Apparel,AP-Outerwear,233
2023-08-14,Apparel,AP-Outerwear,213
2023-08-21,Apparel,AP-Outerwear,206
2023-08-28,Apparel,AP-Outerwear,183
2023-09-04,Apparel,AP-Outerwear,155
2023-09-11,Apparel,AP-Outerwear,235
2023-09-18,Apparel,AP-Outerwear,226
2023-09-25,Apparel,AP-Outerwear,192
2023-10-02,Apparel,AP-Outerwear,248
2023-10-09,Apparel,AP-Outerwear,241
2023-10-16,Apparel,AP-Outerwear,249
2023-10-23,Apparel,AP-Outerwear,311
2023-10-30,Apparel,AP-Outerwear,300
2023-11-06,Apparel,AP-Outerwear,240
2023-11-13,Apparel,AP-Outerwear,299
2023-11-20,Apparel,AP-Outerwear,344
2023-11-27,Apparel,AP-Outerwear,363
2023-12-04,Apparel,AP-Outerwear,355
2023-12-11,Apparel,AP-Outerwear,333
2023-12-18,Apparel,AP-Outerwear,375
2023-12-25,Apparel,AP-Outerwear,294
2024-01-01,Apparel,AP-Outerwear,437
2024-01-08,Apparel,AP-Outerwear,389
2024-01-15,Apparel,AP-Outerwear,376
2024-01-22,Apparel,AP-Outerwear,375
2024-01-29,Apparel,AP-Outerwear,421
2024-02-05,Apparel,AP-Outerwear,378
2024-02-12,Apparel,AP-Outerwear,374
2024-02-19,Apparel,AP-Outerwear,375
2024-02-26,Apparel,AP-Outerwear,502
2024-03-04,Apparel,AP-Outerwear,413
2024-03-11,Apparel,AP-Outerwear,438
2024-03-18,Apparel,AP-Outerwear,425
2024-03-25,Apparel,AP-Outerwear,375
2024-04-01,Apparel,AP-Outerwear,429
2024-04-08,Apparel,AP-Outerwear,379
2024-04-15,Apparel,AP-Outerwear,344
2024-04-22,Apparel,AP-Outerwear,324
2024-04-29,Apparel,AP-Outerwear,337
2024-05-06,Apparel,AP-Outerwear,322
2024-05-13,Apparel,AP-Outerwear,376
2024-05-20,Apparel,AP-Outerwear,226
2024-05-27,Apparel,AP-Outerwear,339
2024-06-03,Apparel,AP-Outerwear,335
2024-06-10,Apparel,AP-Outerwear,323
2024-06-17,Apparel,AP-Outerwear,243
2024-06-24,Apparel,AP-Outerwear,229
2024-07-01,Apparel,AP-Outerwear,276
2024-07-08,Apparel,AP-Outerwear,250
2024-07-15,Apparel,AP-Outerwear,233
2024-07-22,Apparel,AP-Outerwear,197
2024-07-29,Apparel,AP-Outerwear,206
2024-08-05,Apparel,AP-Outerwear,181
2024-08-12,Apparel,AP-Outerwear,245
2024-08-19,Apparel,AP-Outerwear,230
2024-08-26,Apparel,AP-Outerwear,197
2024-09-02,Apparel,AP-Outerwear,234
2024-09-09,Apparel,AP-Outerwear,217
2024-09-16,Apparel,AP-Outerwear,170
2024-09-23,Apparel,AP-Outerwear,241
2024-09-30,Apparel,AP-Outerwear,215
2024-10-07,Apparel,AP-Outerwear,253
2024-10-14,Apparel,AP-Outerwear,242
2024-10-21,Apparel,AP-Outerwear,237
2024-10-28,Apparel,AP-Outerwear,269
2024-11-04,Apparel,AP-Outerwear,327
2024-11-11,Apparel,AP-Outerwear,266
2024-11-18,Apparel,AP-Outerwear,285
2024-11-25,Apparel,AP-Outerwear,277
2024-12-02,Apparel,AP-Outerwear,323
2024-12-09,Apparel,AP-Outerwear,395
2024-12-16,Apparel,AP-Outerwear,403
2024-12-23,Apparel,AP-Outerwear,408
2024-12-30,Apparel,AP-Outerwear,417
2025-01-06,Apparel,AP-Outerwear,474
2025-01-13,Apparel,AP-Outerwear,483
2025-01-20,Apparel,AP-Outerwear,496
2025-01-27,Apparel,AP-Outerwear,386
2025-02-03,Apparel,AP-Outerwear,401
2025-02-10,Apparel,AP-Outerwear,472
2025-02-17,Apparel,AP-Outerwear,470
2025-02-24,Apparel,AP-Outerwear,410
2025-03-03,Apparel,AP-Outerwear,422
2025-03-10,Apparel,AP-Outerwear,473
2025-03-17,Apparel,AP-Outerwear,417
2025-03-24,Apparel,AP-Outerwear,382
2025-03-31,Apparel,AP-Outerwear,423
2025-04-07,Apparel,AP-Outerwear,374
2025-04-14,Apparel,AP-Outerwear,413
2025-04-21,Apparel,AP-Outerwear,386
2025-04-28,Apparel,AP-Outerwear,352
2025-05-05,Apparel,AP-Outerwear,317
2025-05-12,Apparel,AP-Outerwear,376
2025-05-19,Apparel,AP-Outerwear,293
2025-05-26,Apparel,AP-Outerwear,315
2025-06-02,Apparel,AP-Outerwear,286
2025-06-09,Apparel,AP-Outerwear,286
2025-06-16,Apparel,AP-Outerwear,261
2025-06-23,Apparel,AP-Outerwear,290
2025-06-30,Apparel,AP-Outerwear,253
2025-07-07,Apparel,AP-Outerwear,213
2025-07-14,Apparel,AP-Outerwear,200
2025-07-21,Apparel,AP-Outerwear,244
2025-07-28,Apparel,AP-Outerwear,215
2025-08-04,Apparel,AP-Outerwear,245
2025-08-11,Apparel,AP-Outerwear,225
2025-08-18,Apparel,AP-Outerwear,243
2025-08-25,Apparel,AP-Outerwear,181
2025-09-01,Apparel,AP-Outerwear,208
2025-09-08,Apparel,AP-Outerwear,251
2025-09-15,Apparel,AP-Outerwear,195
2025-09-22,Apparel,AP-Outerwear,253
2025-09-29,Apparel,AP-Outerwear,241
2025-10-06,Apparel,AP-Outerwear,281
2025-10-13,Apparel,AP-Outerwear,255
2025-10-20,Apparel,AP-Outerwear,253
2025-10-27,Apparel,AP-Outerwear,315
2025-11-03,Apparel,AP-Outerwear,375
2025-11-10,Apparel,AP-Outerwear,275
2025-11-17,Apparel,AP-Outerwear,340
2025-11-24,Apparel,AP-Outerwear,314
2025-12-01,Apparel,AP-Outerwear,378
2025-12-08,Apparel,AP-Outerwear,390
2025-12-15,Apparel,AP-Outerwear,354
2025-12-22,Apparel,AP-Outerwear,337
2023-01-02,Apparel,AP-Basics,473
2023-01-09,Apparel,AP-Basics,471
2023-01-16,Apparel,AP-Basics,492
2023-01-23,Apparel,AP-Basics,471
2023-01-30,Apparel,AP-Basics,498
2023-02-06,Apparel,AP-Basics,481
2023-02-13,Apparel,AP-Basics,511
2023-02-20,Apparel,AP-Basics,503
2023-02-27,Apparel,AP-Basics,448
2023-03-06,Apparel,AP-Basics,477
2023-03-13,Apparel,AP-Basics,498
2023-03-20,Apparel,AP-Basics,485
2023-03-27,Apparel,AP-Basics,503
2023-04-03,Apparel,AP-Basics,541
2023-04-10,Apparel,AP-Basics,481
2023-04-17,Apparel,AP-Basics,489
2023-04-24,Apparel,AP-Basics,488
2023-05-01,Apparel,AP-Basics,542
2023-05-08,Apparel,AP-Basics,577
2023-05-15,Apparel,AP-Basics,500
2023-05-22,Apparel,AP-Basics,589
2023-05-29,Apparel,AP-Basics,492
2023-06-05,Apparel,AP-Basics,536
2023-06-12,Apparel,AP-Basics,539
2023-06-19,Apparel,AP-Basics,546
2023-06-26,Apparel,AP-Basics,521
2023-07-03,Apparel,AP-Basics,510
2023-07-10,Apparel,AP-Basics,537
2023-07-17,Apparel,AP-Basics,571
2023-07-24,Apparel,AP-Basics,537
2023-07-31,Apparel,AP-Basics,554
2023-08-07,Apparel,AP-Basics,555
2023-08-14,Apparel,AP-Basics,581
2023-08-21,Apparel,AP-Basics,510
2023-08-28,Apparel,AP-Basics,581
2023-09-04,Apparel,AP-Basics,587
2023-09-11,Apparel,AP-Basics,502
2023-09-18,Apparel,AP-Basics,560
2023-09-25,Apparel,AP-Basics,478
2023-10-02,Apparel,AP-Basics,503
2023-10-09,Apparel,AP-Basics,513
2023-10-16,Apparel,AP-Basics,517
2023-10-23,Apparel,AP-Basics,466
2023-10-30,Apparel,AP-Basics,492
2023-11-06,Apparel,AP-Basics,466
2023-11-13,Apparel,AP-Basics,529
2023-11-20,Apparel,AP-Basics,478
2023-11-27,Apparel,AP-Basics,506
2023-12-04,Apparel,AP-Basics,485
2023-12-11,Apparel,AP-Basics,508
2023-12-18,Apparel,AP-Basics,430
2023-12-25,Apparel,AP-Basics,491
2024-01-01,Apparel,AP-Basics,455
2024-01-08,Apparel,AP-Basics,468
2024-01-15,Apparel,AP-Basics,500
2024-01-22,Apparel,AP-Basics,512
2024-01-29,Apparel,AP-Basics,471
2024-02-05,Apparel,AP-Basics,482
2024-02-12,Apparel,AP-Basics,545
2024-02-19,Apparel,AP-Basics,500
2024-02-26,Apparel,AP-Basics,526
2024-03-04,Apparel,AP-Basics,530
2024-03-11,Apparel,AP-Basics,528
2024-03-18,Apparel,AP-Basics,508
2024-03-25,Apparel,AP-Basics,512
2024-04-01,Apparel,AP-Basics,542
2024-04-08,Apparel,AP-Basics,452
2024-04-15,Apparel,AP-Basics,508
2024-04-22,Apparel,AP-Basics,543
2024-04-29,Apparel,AP-Basics,551
2024-05-06,Apparel,AP-Basics,556
2024-05-13,Apparel,AP-Basics,530
2024-05-20,Apparel,AP-Basics,525
2024-05-27,Apparel,AP-Basics,512
2024-06-03,Apparel,AP-Basics,560
2024-06-10,Apparel,AP-Basics,556
2024-06-17,Apparel,AP-Basics,562
2024-06-24,Apparel,AP-Basics,498
2024-07-01,Apparel,AP-Basics,551
2024-07-08,Apparel,AP-Basics,534
2024-07-15,Apparel,AP-Basics,592
2024-07-22,Apparel,AP-Basics,585
2024-07-29,Apparel,AP-Basics,583
2024-08-05,Apparel,AP-Basics,579
2024-08-12,Apparel,AP-Basics,595
2024-08-19,Apparel,AP-Basics,568
2024-08-26,Apparel,AP-Basics,536
2024-09-02,Apparel,AP-Basics,561
2024-09-09,Apparel,AP-Basics,555
2024-09-16,Apparel,AP-Basics,561
2024-09-23,Apparel,AP-Basics,561
2024-09-30,Apparel,AP-Basics,547
2024-10-07,Apparel,AP-Basics,548
2024-10-14,Apparel,AP-Basics,536
2024-10-21,Apparel,AP-Basics,528
2024-10-28,Apparel,AP-Basics,502
2024-11-04,Apparel,AP-Basics,508
2024-11-11,Apparel,AP-Basics,512
2024-11-18,Apparel,AP-Basics,568
2024-11-25,Apparel,AP-Basics,512
2024-12-02,Apparel,AP-Basics,493
2024-12-09,Apparel,AP-Basics,529
2024-12-16,Apparel,AP-Basics,525
2024-12-23,Apparel,AP-Basics,503
2024-12-30,Apparel,AP-Basics,535
2025-01-06,Apparel,AP-Basics,485
2025-01-13,Apparel,AP-Basics,481
2025-01-20,Apparel,AP-Basics,498
2025-01-27,Apparel,AP-Basics,502
2025-02-03,Apparel,AP-Basics,507
2025-02-10,Apparel,AP-Basics,515
2025-02-17,Apparel,AP-Basics,542
2025-02-24,Apparel,AP-Basics,522
2025-03-03,Apparel,AP-Basics,534
2025-03-10,Apparel,AP-Basics,521
2025-03-17,Apparel,AP-Basics,504
2025-03-24,Apparel,AP-Basics,533
2025-03-31,Apparel,AP-Basics,512
2025-04-07,Apparel,AP-Basics,562
2025-04-14,Apparel,AP-Basics,540
2025-04-21,Apparel,AP-Basics,523
2025-04-28,Apparel,AP-Basics,554
2025-05-05,Apparel,AP-Basics,564
2025-05-12,Apparel,AP-Basics,550
2025-05-19,Apparel,AP-Basics,538
2025-05-26,Apparel,AP-Basics,563
2025-06-02,Apparel,AP-Basics,560
2025-06-09,Apparel,AP-Basics,563
2025-06-16,Apparel,AP-Basics,499
2025-06-23,Apparel,AP-Basics,560
2025-06-30,Apparel,AP-Basics,646
2025-07-07,Apparel,AP-Basics,632
2025-07-14,Apparel,AP-Basics,617
2025-07-21,Apparel,AP-Basics,580
2025-07-28,Apparel,AP-Basics,616
2025-08-04,Apparel,AP-Basics,602
2025-08-11,Apparel,AP-Basics,585
2025-08-18,Apparel,AP-Basics,582
2025-08-25,Apparel,AP-Basics,581
2025-09-01,Apparel,AP-Basics,527
2025-09-08,Apparel,AP-Basics,604
2025-09-15,Apparel,AP-Basics,598
2025-09-22,Apparel,AP-Basics,576
2025-09-29,Apparel,AP-Basics,576
2025-10-06,Apparel,AP-Basics,538
2025-10-13,Apparel,AP-Basics,555
2025-10-20,Apparel,AP-Basics,536
2025-10-27,Apparel,AP-Basics,522
2025-11-03,Apparel,AP-Basics,555
2025-11-10,Apparel,AP-Basics,605
2025-11-17,Apparel,AP-Basics,590
2025-11-24,Apparel,AP-Basics,540
2025-12-01,Apparel,AP-Basics,524
2025-12-08,Apparel,AP-Basics,589
2025-12-15,Apparel,AP-Basics,509
2025-12-22,Apparel,AP-Basics,512
